{"cameraMode":{"drawMode":0,"name":"Shaded","section":"Shading Mode"},"sceneLighting":false,"audioPlay":false,"sceneViewState":{"m_AlwaysRefresh":false,"showFog":true,"showSkybox":false,"showFlares":true,"showImageEffects":true,"showParticleSystems":true,"showVisualEffectGraphs":true,"m_FxEnabled":true},"in2DMode":false,"pivot":{"x":1.0231971740722657,"y":0.43960216641426089,"z":-1.6670249700546265},"rotation":{"x":-0.027369869872927667,"y":-0.19505782425403596,"z":-0.00544344587251544,"w":0.98043292760849},"size":0.8660253882408142,"orthographic":false}