{"cameraMode":{"drawMode":0,"name":"Shaded","section":"Shading Mode"},"sceneLighting":false,"audioPlay":false,"sceneViewState":{"m_AlwaysRefresh":false,"showFog":true,"showSkybox":false,"showFlares":true,"showImageEffects":true,"showParticleSystems":true,"showVisualEffectGraphs":true,"m_FxEnabled":true},"in2DMode":false,"pivot":{"x":0.3402180075645447,"y":-0.6818011999130249,"z":1.166941523551941},"rotation":{"x":0.18442538380622865,"y":0.2872712314128876,"z":-0.056481584906578067,"w":0.9382573366165161},"size":0.7255386114120483,"orthographic":false}